{"status": "completed", "timestamp": "2025-01-30T17:32:54.810694", "message": "Training completed successfully", "metrics": {"accuracy": 0.949657678604126, "val_accuracy": 0.976039469242096, "loss": 0.1527402102947235, "val_loss": 0.07954178005456924, "test_accuracy": 0.9732770919799805, "test_loss": 0.09669553488492966}}